modelID,yModelID
3831,6118
5556,2497
5125,6162
4711,6116
5620,6272
5594,6242
5588,6215
5511,6208
5530,6162
5495,6118
5488,6116
5647,5405
4609,5274
2024,2497
4979,5804
5539,5889
5525,5940
5508,5999
5419,6043
5418,6044
5438,6051
5446,6062
2041,6072
992,6077
5461,6078
3682,6079
5471,6080
4286,6081
4186,6082
3611,6084
5490,6086
5491,6087
5458,6088
5460,6089
5459,6090
5472,6091
5477,6092
2650,6094
5478,6096
5520,6097
5479,6098
3982,6099
4397,6100
5284,6101
5481,6102
3256,6103
5434,6104
5369,6105
5464,6106
5463,6107
5465,6108
5466,6109
5482,6110
5484,6111
5489,6112
5468,6113
5486,6114
5485,6115
5487,6117
5498,6119
5497,6120
5502,6122
5503,6123
5505,6125
4839,6126
5506,6127
2055,6128
5507,6129
5512,6131
2588,6132
5510,6133
5320,6134
4537,6135
5515,6136
4500,6137
5516,6138
5514,6139
5517,6140
5518,6141
5521,6142
5519,6143
5522,6144
4936,6146
4935,6147
5480,6148
5374,6149
5462,6150
5527,6151
5529,6152
5221,6153
3266,6154
5528,6156
5499,6157
5453,6158
5454,6159
5531,6160
5532,6165
5534,6166
5535,6167
5536,6168
2890,6170
5540,6171
4728,6177
4052,6178
4037,6179
2553,6180
5524,6182
5526,6183
5401,6184
5406,6187
4326,3191
5177,5876
4813,5994
4557,4911
2476,2820
5436,5404
5494,4386
5494,5282
77,2060
2649,4399
5443,4411
23,1560
24,1561
25,1562
291,1563
4586,1564
227,1567
51,1569
706,1570
2850,1571
570,1573
358,1574
431,1575
965,1577
2959,1581
966,1582
2535,1587
2534,1590
417,1592
407,1594
540,1596
76,1597
75,1599
498,1603
433,1604
529,1605
83,1607
2478,1608
117,1610
463,1614
362,1617
94,1618
518,1622
520,1633
2600,1634
2653,1635
491,1636
2665,1639
2514,1640
979,1641
552,1642
6,1647
395,1648
2200,1650
572,1654
961,1655
569,1656
377,1657
962,1659
314,1660
135,1661
437,1663
47,1665
396,1667
230,1670
232,1671
293,1673
388,1674
476,1675
142,1676
565,1678
522,1679
284,1681
298,1682
413,1683
454,1684
126,1685
128,1686
2530,1687
458,1689
2523,1690
2456,1692
483,1693
3817,1694
64,1695
355,1697
425,1698
448,1699
475,1700
525,1703
449,1708
68,1709
481,1715
2660,1716
2212,1717
281,1722
4774,1724
527,1726
2519,1728
66,1729
2537,1732
130,1733
474,1734
490,1736
2607,1738
411,1740
477,1743
133,1745
138,1746
409,1748
571,1749
84,1750
531,1752
567,1755
468,1758
2674,1759
2230,1760
4876,1764
442,1765
2466,1766
122,1769
89,1771
90,1772
91,1773
465,1774
4580,1775
2531,1777
3138,1781
85,1784
87,1785
434,1787
478,1789
4198,1791
2922,1793
528,1796
144,1797
145,1798
333,1799
2515,1804
519,1811
460,1814
194,1815
461,1816
3192,1821
163,1823
166,1825
344,1826
311,1827
439,1828
1012,1829
964,1830
504,1832
49,1834
397,1835
426,1838
488,1839
2578,1846
2984,1848
155,1851
13,1854
345,1856
506,1857
2211,1858
561,1861
46,1868
2527,1869
109,1871
371,1873
469,1877
526,1879
101,1880
106,1882
104,1883
2521,1898
16,1905
19,1906
360,1908
496,1909
45,1911
170,1912
22,1914
466,1918
556,1919
428,1921
53,1922
2466,1923
562,1924
523,1925
546,1930
2454,1948
2894,1949
2475,1950
2455,1952
57,1953
508,1955
3052,1961
2452,1967
429,1973
375,1977
3217,1978
275,1985
197,1987
487,1988
558,1990
110,1991
482,1992
412,1994
467,1995
341,1996
918,1997
956,1999
513,2002
4281,2003
549,2004
503,2006
521,2007
758,2008
446,2009
462,2012
502,2014
486,2015
325,2016
516,2017
455,2018
139,2019
485,2020
414,2021
383,2022
252,2025
510,2026
212,2027
440,2028
416,2029
500,2031
159,2032
153,2033
202,2034
317,2035
271,2037
270,2040
265,2041
749,2043
168,2044
162,2045
172,2046
272,2047
457,2048
233,2049
231,2050
896,2051
480,2052
185,2053
2030,2054
186,2055
99,2057
210,2061
539,2062
86,2063
82,2064
224,2065
354,2066
174,2067
148,2068
146,2070
472,2071
261,2072
352,2073
471,2075
305,2078
580,2082
369,2085
95,2086
380,2088
342,2089
222,2092
300,2102
403,2109
201,2110
389,2112
389,2113
121,2115
2198,2116
974,2119
289,2120
367,2121
359,2122
361,2123
308,2124
400,2128
179,2129
3934,2130
334,2131
963,2132
107,2134
385,2140
578,2142
456,2143
258,2144
177,2145
175,2148
69,2149
97,2150
208,2153
264,2154
205,2155
376,2157
438,2158
316,2159
196,2160
199,2161
257,2163
141,2165
285,2167
286,2168
283,2170
38,2171
379,2172
211,2175
343,2176
348,2177
182,2178
381,2179
453,2185
2095,2188
533,2189
564,2190
581,2196
2516,2197
965,2200
3155,2214
2520,2218
2571,2225
865,2226
864,2227
2599,2228
392,2232
67,2233
2486,2235
3038,2238
551,2246
322,2247
459,2248
501,2249
635,2250
2541,2251
332,2252
406,2254
56,2257
59,2259
235,2260
365,2261
237,2262
267,2263
290,2265
432,2266
415,2267
364,2273
568,2284
566,2286
555,2287
505,2289
256,2293
191,2294
363,2296
574,2325
2834,2328
980,2331
586,2334
489,2335
590,2336
427,2339
1015,2341
511,2347
373,2348
306,2349
573,2351
575,2352
576,2353
589,2354
2207,2355
60,2356
524,2358
464,2359
479,2360
494,2363
588,2364
443,2366
614,2370
537,2371
557,2373
3263,2374
2524,2375
700,2377
631,2379
430,2380
633,2381
538,2382
3035,2383
2540,2384
554,2385
875,2388
2533,2389
587,2390
793,2392
550,2395
444,2396
735,2397
421,2399
78,2406
111,2407
81,2408
634,2409
420,2410
65,2412
591,2414
928,2415
981,2418
579,2420
542,2421
544,2422
543,2423
5362,2424
596,2425
4672,2485
404,2486
743,2487
983,2494
102,2498
112,2501
1017,2504
2214,2514
683,2517
733,2520
559,2521
2354,2532
295,2552
606,2553
3680,2555
3448,2559
728,2563
52,2564
655,2566
605,2567
594,2569
18,2573
651,2574
2451,2576
663,2577
436,2578
670,2581
2732,2582
656,2583
972,2584
3407,2585
492,2587
850,2588
688,2589
856,2590
2739,2591
692,2593
684,2596
668,2597
608,2598
595,2600
592,2601
697,2602
756,2603
696,2607
657,2608
669,2610
382,2611
690,2612
164,2614
2092,2615
398,2616
473,2617
4333,2618
582,2620
266,2621
2734,2623
708,2624
530,2625
659,2627
703,2629
593,2632
705,2633
3469,2634
507,2652
2774,2653
691,2655
661,2672
772,2674
632,2677
2512,2678
2510,2679
493,2683
693,2684
909,2687
791,2688
602,2690
771,2694
585,2695
2536,2699
804,2700
770,2701
620,2702
815,2706
686,2707
616,2708
597,2709
639,2710
814,2712
872,2713
871,2714
370,2715
676,2716
876,2719
822,2720
836,2721
723,2722
835,2723
672,2724
790,2730
834,2731
860,2733
387,2734
390,2735
729,2736
681,2738
823,2740
2134,2741
825,2742
841,2743
2049,2745
833,2746
612,2747
813,2748
816,2749
880,2750
161,2751
584,2752
792,2753
806,2754
2847,2755
178,2758
678,2759
2487,2760
611,2761
675,2762
866,2764
450,2765
2051,2766
624,2767
424,2769
601,2770
389,2771
599,2772
3160,2773
762,2775
2489,2777
517,2778
859,2780
2484,2782
873,2783
939,2787
878,2790
879,2791
2853,2792
892,2794
405,2796
330,2800
2579,2802
847,2805
255,2811
2714,2813
209,2817
287,2818
613,2828
2539,2829
913,2832
927,2834
798,2836
740,2837
854,2838
730,2841
797,2843
658,2844
2735,2847
882,2848
844,2850
812,2855
951,2856
987,2859
1016,2863
2027,2865
2001,2866
855,2867
824,2868
874,2871
1006,2872
1007,2874
2560,2876
188,2882
2062,2886
2248,2888
2256,2900
2045,2906
831,2907
2492,2908
794,2913
2488,2917
650,2921
682,2925
780,2926
1004,2928
2088,2929
897,2931
905,2932
724,2935
2047,2936
989,2937
2118,2938
685,2939
982,2945
623,2947
2126,2948
828,2949
837,2950
1005,2954
3013,2955
889,2956
2297,2958
888,2959
808,2963
704,2967
2034,2970
2085,2971
192,2972
2517,2973
923,2974
4940,2975
2108,2976
2063,2977
2061,2978
903,2982
4162,2983
184,2985
277,2987
2168,2993
2332,2995
2496,2996
2125,3013
2231,3021
2090,3023
2477,3024
2139,3026
2949,3031
2113,3037
2084,3038
2133,3041
901,3044
2073,3045
560,3046
2556,3049
1008,3061
2429,3062
1010,3063
801,3066
447,3067
2137,3086
2107,3088
2779,3089
2147,3092
2093,3093
2094,3094
750,3095
2787,3100
1018,3102
2120,3103
2131,3104
2109,3106
777,3133
2114,3138
2117,3139
2123,3152
4339,3165
2115,3167
2161,3184
2171,3185
2155,3187
2192,3189
3034,3204
2503,3219
2141,3222
2605,3223
2078,3227
4329,3229
3194,3233
2086,3243
702,3244
754,3245
2353,3249
996,3250
2178,3251
2180,3252
2497,3255
2500,3257
2501,3258
2499,3259
2495,3260
2119,3261
2462,3263
853,3264
2190,3268
2299,3269
2312,3270
3053,3274
2295,3275
3040,3276
2296,3277
2091,3278
389,3285
2228,3288
2538,3296
209,3297
2306,3298
3514,3299
2236,3301
2237,3303
2184,3310
2569,3313
2341,3316
2246,3323
2244,3338
2068,3341
2242,3348
2453,3352
2213,3354
2583,3357
908,3362
2261,3364
2480,3365
869,3366
2348,3368
2310,3369
2323,3370
532,3372
2331,3373
2324,3374
718,3376
714,3377
3554,3379
2313,3381
2304,3382
2122,3383
2952,3386
2325,3388
4380,3390
2951,3395
689,3396
2277,3397
2275,3415
2252,3424
2144,3432
2318,3437
2941,3438
2481,3441
2482,3443
3000,3453
912,3457
744,3458
2608,3463
2417,3464
2336,3465
2334,3466
2160,3470
2337,3476
2378,3482
2968,3486
673,3489
2381,3492
877,3495
891,3497
904,3501
2681,3502
2485,3506
2603,3507
2572,3508
372,3509
2886,3510
2785,3511
2400,3512
2391,3514
2566,3523
2980,3524
4076,3525
2562,3528
2581,3530
2494,3533
2294,3534
2491,3535
2490,3536
2840,3537
3149,3540
2564,3542
2319,3543
2561,3544
1021,3545
2262,3546
2264,3547
2418,3551
2567,3554
4720,3555
2105,3556
2846,3558
2557,3570
2388,3580
2387,3581
2767,3589
2445,3590
2629,3593
2575,3594
2447,3595
2444,3596
3804,3597
2809,3598
2896,3600
3068,3603
2770,3604
930,3606
2865,3607
929,3615
2472,3620
2502,3621
2532,3624
4267,3625
4266,3627
2678,3628
2685,3631
2738,3633
2736,3634
2863,3635
2742,3639
2682,3640
2473,3642
2769,3643
2964,3644
2852,3645
2716,3646
2743,3647
2765,3652
862,3654
2764,3655
3853,3658
2776,3659
2778,3660
2761,3661
2766,3662
2788,3664
2268,3669
653,3670
2966,3673
2642,3679
2768,3686
2658,3690
2124,3694
2771,3695
2871,3698
2565,3701
2781,3705
2805,3714
3119,3717
3085,3720
3104,3721
2641,3723
2957,3729
2698,3732
2744,3734
4871,3736
2545,3737
3160,3739
2577,3746
2568,3747
2828,3748
4288,3750
2867,3753
2314,3755
2999,3756
2754,3759
2755,3760
2962,3765
2857,3766
2860,3767
3158,3768
2988,3770
3284,3771
2806,3772
2945,3773
3475,3774
2293,3775
2241,3778
2730,3781
2963,3784
2903,3786
2838,3787
2883,3793
3335,3794
394,3796
2895,3804
2619,3805
2944,3806
2954,3807
2943,3809
386,3811
2748,3812
2953,3813
3185,3815
2927,3821
2923,3823
2737,3824
2263,3825
959,3826
725,3827
2025,3828
2841,3829
2991,3833
2974,3834
2612,3837
2611,3838
2610,3839
2574,3840
2994,3841
738,3842
2357,3843
2664,3844
3008,3845
3002,3846
2902,3856
3014,3859
2992,3864
2914,3867
3036,3869
2976,3871
2998,3873
3060,3874
3059,3875
3062,3876
3065,3877
3103,3879
3069,3880
3324,3882
2987,3883
3015,3884
3016,3886
2615,3887
3079,3891
3074,3896
3006,3899
3121,3901
3066,3906
3083,3908
3131,3910
3082,3911
3073,3913
3075,3916
3132,3918
3589,3920
3347,3924
2563,3928
3080,3929
858,3930
2956,3937
3087,3938
3230,3943
2990,3945
356,3947
3216,3948
890,3949
3176,3950
3702,3952
3703,3953
3703,3954
4035,3957
2446,3961
3298,3962
2836,3964
3162,3966
3163,3967
2885,3968
3159,3969
3139,3970
3140,3971
3164,3972
3136,3973
2719,3974
2717,3975
2723,3976
2722,3977
2721,3978
914,3979
2720,3980
2197,3981
2833,3982
2718,3983
2842,3984
2967,3985
3204,3987
2543,3990
2196,3991
2726,3992
2727,3993
2728,3994
2729,3995
2725,3996
3189,3998
3170,3999
2973,4001
3171,4002
3151,4003
3613,4006
2986,4007
2985,4008
3134,4010
3191,4014
3128,4015
3126,4016
3181,4017
3182,4018
3180,4019
3178,4020
3179,4021
3197,4023
3201,4024
3098,4025
3097,4026
3043,4027
3099,4030
3100,4031
3198,4041
98,4046
3215,4050
2021,4051
3195,4053
3227,4054
3091,4055
3226,4056
2955,4058
3357,4059
3112,4060
3293,4061
3238,4064
3154,4065
3234,4066
3220,4067
3214,4068
3279,4069
3064,4071
3267,4072
3395,4076
3269,4078
2810,4081
3231,4082
3243,4083
2870,4084
2469,4085
2468,4086
2525,4087
2465,4088
2526,4089
2464,4090
3309,4093
3277,4094
3157,4095
3272,4096
2176,4097
3264,4104
765,4105
2506,4106
3346,4107
3290,4108
3328,4109
3153,4110
3081,4112
3301,4116
3460,4117
3311,4118
3361,4119
3306,4120
3382,4121
3294,4123
911,4130
887,4131
4072,4134
3369,4136
3823,4138
2791,4143
2139,4147
3292,4149
3414,4150
3415,4151
3416,4152
3385,4153
3360,4155
3511,4156
2570,4158
3244,4159
3145,4161
3425,4163
3343,4164
3442,4165
3124,4166
3150,4167
3702,4168
3412,4169
2960,4171
2915,4172
3530,4173
3341,4175
3430,4176
3326,4178
3101,4181
3372,4183
3455,4187
3397,4189
3462,4190
3283,4191
4523,4193
3497,4194
3351,4198
3472,4205
3480,4208
3349,4209
3463,4211
3461,4212
3518,4214
3528,4219
3477,4222
3481,4224
3467,4227
3453,4228
3634,4229
3427,4237
3440,4239
3491,4244
3502,4246
3829,4253
3851,4254
3493,4257
3896,4259
3547,4268
2888,4269
3454,4270
3312,4278
3582,4279
3562,4280
3524,4281
3207,4282
3556,4283
2835,4285
2440,4286
2355,4288
3152,4289
3575,4291
3586,4292
3549,4294
900,4295
2601,4296
2711,4297
2712,4298
2837,4299
2989,4302
3422,4303
3553,4304
3535,4305
3429,4306
3983,4307
3457,4308
3581,4309
2380,4312
3565,4313
3506,4314
3507,4315
3504,4316
3505,4317
3508,4318
3451,4319
3420,4320
3289,4321
4645,4322
3828,4323
3574,4325
3697,4326
3648,4328
3521,4329
3594,4332
3858,4335
4812,4337
3631,4338
3466,4339
3411,4340
3636,4341
3591,4349
3638,4350
3538,4351
3633,4352
3644,4354
3618,4355
3685,4356
3607,4357
3698,4358
3699,4359
3320,4362
3413,4363
4309,4365
3570,4367
3620,4369
3615,4372
3665,4373
3673,4376
3417,4377
3557,4378
3776,4381
3794,4382
3664,4384
3307,4387
4137,4394
163,4395
3533,4396
3839,4397
3459,4398
3683,4401
4182,4409
3820,4412
3166,4413
3637,4417
3691,4418
3384,4419
3657,4420
3704,4426
3760,4430
3426,4432
3209,4433
3632,4434
3627,4437
3870,4439
3721,4441
3722,4442
3733,4443
3720,4444
3677,4447
3978,4450
3652,4451
3735,4452
3739,4453
3751,4457
2752,4458
3526,4459
3775,4461
2428,4464
3754,4465
3763,4466
3802,4469
3989,4470
3757,4474
3731,4475
3300,4476
3248,4477
3782,4479
3785,4480
3545,4481
3767,4482
3809,4483
3795,4484
3714,4485
3406,4486
3693,4488
132,4492
3339,4496
3780,4497
3781,4498
4073,4501
3783,4502
3789,4507
3546,4510
3792,4512
3695,4515
3213,4518
3786,4526
3784,4527
3814,4528
3363,4529
3807,4531
3808,4532
3468,4533
3486,4534
3487,4537
3966,4538
3744,4539
3793,4541
3529,4542
3779,4544
3796,4546
3658,4547
3800,4550
4015,4553
3576,4555
3405,4557
4097,4558
2006,4560
3827,4564
3835,4565
3836,4566
2855,4571
3368,4572
3868,4574
3846,4575
3362,4581
3612,4582
3854,4583
947,4586
3857,4588
2201,4589
3759,4591
3706,4592
3852,4593
3862,4597
3825,4598
3957,4599
2411,4600
3653,4602
3639,4604
3874,4606
3871,4607
3923,4609
3876,4610
3881,4611
3624,4612
3736,4613
3788,4616
3455,4617
3774,4618
3898,4619
3899,4622
3873,4624
3904,4625
3893,4626
3887,4629
3913,4633
3838,4634
3640,4641
3916,4642
3922,4647
3859,4648
3877,4649
3925,4651
3872,4654
3662,4655
3758,4657
3926,4659
3232,4660
3688,4662
3901,4663
3439,4664
3935,4671
3954,4673
3884,4674
3924,4675
3952,4678
3963,4681
3959,4682
3965,4684
3772,4686
3964,4687
3977,4688
2839,4691
2839,4692
2839,4693
2839,4694
2839,4695
2839,4696
2839,4697
2839,4698
2839,4699
2839,4700
2839,4701
2839,4702
3861,4703
3979,4705
3485,4706
4342,4707
3981,4708
3955,4710
3968,4711
4066,4712
4065,4713
3991,4716
3987,4718
3969,4719
3999,4722
952,4723
3939,4725
333,4726
4023,4727
4011,4728
4012,4729
4013,4730
2623,4731
4181,4733
3465,4734
4525,4736
4029,4737
4031,4738
3841,4739
4217,4742
4046,4744
4520,4745
3961,4746
4061,4748
3941,4750
3928,4751
4009,4754
4074,4755
3824,4756
3766,4757
4077,4758
4078,4759
3970,4760
4087,4763
4090,4764
3891,4765
4094,4766
4080,4767
3278,4770
4095,4771
3971,4772
4092,4778
4096,4780
3767,4781
4126,4782
4111,4783
3984,4785
4027,4787
4086,4790
4045,4791
4304,4792
4099,4793
4102,4794
3515,4796
4115,4797
3777,4798
4120,4802
4107,4811
4088,4812
3980,4818
4285,4819
4175,4820
3882,4823
4161,4827
4043,4832
4142,4838
4133,4839
4070,4841
4139,4842
4151,4843
4147,4847
4130,4849
2761,4850
4164,4851
4168,4852
4171,4853
4105,4854
4146,4855
4178,4856
4160,4858
3803,4859
3911,4860
4083,4864
4167,4866
4173,4867
4179,4870
4192,4871
4232,4873
4195,4874
4194,4875
4204,4877
3975,4880
4166,4881
3845,4882
4207,4883
4098,4892
4265,4893
4154,4896
4223,4897
4341,4899
4222,4900
4206,4901
4221,4902
4230,4903
4039,4905
4311,4906
4312,4907
4212,4908
4132,4909
4237,4910
4241,4912
3992,4913
4200,4915
4226,4919
4246,4920
4247,4922
3878,4925
4069,4929
4343,4930
4235,4932
4228,4934
4260,4935
4274,4936
4259,4937
3813,4944
4033,4946
2405,4952
2362,4953
4252,4954
4253,4955
4263,4960
802,4961
4351,4962
4270,4965
4208,4966
4156,4967
4276,4968
3765,4969
3676,4972
3821,4973
4264,4974
4293,4975
4310,4976
4298,4977
4299,4978
4315,4979
4836,4980
4218,4981
4234,4982
4316,4984
4196,4985
4242,4986
4610,4987
4300,4989
4314,4993
4366,4994
4209,4995
4317,4998
4239,5001
4104,5002
4302,5003
4269,5008
4370,5009
4394,5015
4376,5017
4405,5019
4410,5023
4424,5031
4427,5033
4408,5043
4307,5044
4305,5046
4387,5049
4404,5055
4294,5068
4435,5081
4453,5083
4271,5085
4371,5086
4372,5088
4388,5090
4375,5091
4336,5093
4169,5098
4447,5099
4448,5100
3655,5101
4459,5103
3464,5104
4392,5112
4385,5113
4306,5114
4383,5116
4291,5117
3920,5118
4240,5119
4240,5122
4473,5123
4379,5130
4481,5131
4464,5133
4394,5134
4436,5135
4423,5136
4256,5137
4340,5138
4255,5139
2333,5140
4350,5141
4356,5142
4345,5143
4348,5144
4334,5145
4325,5146
4460,5147
4344,5148
4324,5149
4322,5150
4480,5151
4149,5152
3681,5153
4486,5155
4663,5156
4462,5157
4485,5158
4490,5159
4262,5160
4488,5161
4231,5162
4233,5163
4497,5164
2029,5165
4292,5168
4495,5169
4496,5170
4483,5172
3495,5173
4487,5174
4509,5175
3906,5178
4510,5179
4530,5180
4511,5181
4279,5182
4381,5183
4493,5185
4425,5186
4415,5187
4505,5188
4518,5189
4502,5190
4526,5191
4337,5192
4165,5193
4335,5194
4320,5196
4321,5197
4450,5198
4531,5203
2740,5204
2741,5205
2731,5206
4519,5207
4491,5212
4401,5213
4268,5214
4468,5215
3291,5216
4553,5217
4522,5218
3689,5219
4552,5221
4555,5222
4421,5223
4506,5224
4560,5225
4556,5226
3811,5227
2733,5229
4338,5234
4444,5235
4170,5236
4574,5237
4343,5238
4342,5239
4445,5240
4581,5241
5297,5242
3061,5243
4597,5244
4308,5245
3386,5246
894,5247
4332,5249
4474,5250
4472,5251
4612,5252
5156,5254
4517,5255
4587,5256
4174,5257
4527,5259
4498,5260
4599,5261
4632,5262
4615,5263
766,5264
4605,5265
4386,5266
4238,5267
4608,5268
4524,5269
4554,5270
2420,5271
4197,5272
4646,5273
4674,5275
4614,5276
4418,5277
4569,5278
4654,5279
4516,5280
4613,5281
4616,5283
4606,5284
4402,5285
4434,5287
4624,5288
3993,5290
4346,5291
4355,5292
2775,5293
5223,5296
4428,5298
4630,5299
4431,5300
4658,5301
4417,5303
4353,5304
4665,5305
4737,5306
4683,5307
4680,5308
4673,5309
4687,5310
4584,5311
3955,5312
4693,5313
4660,5314
2707,5315
4705,5316
2439,5318
809,5320
2946,5322
368,5326
2032,5327
3867,5328
4042,5330
955,5331
4628,5335
4710,5336
4579,5337
4856,5338
4251,5339
4604,5340
4588,5341
4489,5342
4691,5346
4652,5348
4441,5349
4355,5350
4619,5351
4690,5352
4503,5353
4685,5354
4631,5355
4754,5356
4327,5357
4684,5358
4749,5359
4757,5361
4756,5362
4762,5363
4776,5364
4765,5365
4773,5366
4759,5367
4787,5368
4775,5369
4635,5370
4403,5371
4682,5372
4772,5373
4662,5374
4760,5375
4807,5376
4797,5377
4653,5378
4767,5379
4353,5380
4764,5381
4795,5383
4793,5384
4792,5385
4802,5386
4824,5387
4741,5388
2839,5389
3778,5390
4666,5391
4477,5392
4854,5393
4851,5394
4850,5395
4852,5396
4478,5397
4745,5398
4419,5399
4840,5400
4702,5401
622,5402
5143,5403
4696,5406
4867,5407
4766,5408
4801,5409
4868,5410
4677,5412
4880,5413
4744,5415
4882,5416
4877,5417
4897,5418
4748,5419
4884,5420
4887,5421
4657,5424
4885,5425
4817,5426
4891,5427
4892,5428
4678,5430
4879,5431
4141,5432
3108,5433
4112,5434
4701,5435
4686,5436
4932,5437
4977,5438
4858,5439
4847,5440
4898,5441
4698,5443
4124,5444
4781,5445
4826,5446
4901,5447
4899,5448
4890,5449
4904,5450
4649,5451
4800,5452
4930,5453
4913,5454
4934,5455
4833,5456
4831,5457
4900,5458
4834,5459
4633,5460
4921,5461
4870,5462
4746,5463
4809,5464
4923,5465
5232,5466
4931,5467
4910,5468
4917,5469
4919,5470
4918,5471
4869,5472
4938,5473
4945,5474
4820,5475
3894,5476
4950,5477
4704,5478
4953,5479
4740,5480
4461,5481
4955,5482
4964,5483
4889,5484
4670,5485
4974,5486
4888,5487
4949,5488
4962,5489
4396,5493
4972,5494
4972,5495
4908,5496
4994,5497
4886,5498
4976,5499
4589,5500
4986,5502
4993,5503
4992,5504
4987,5505
4973,5506
5348,5512
4893,5513
4755,5514
4915,5515
4150,5520
5001,5522
5002,5523
4948,5524
5027,5525
4981,5526
5030,5527
4997,5528
5013,5529
5029,5530
5008,5531
5012,5532
5016,5533
5017,5534
4416,5535
5026,5536
5011,5537
5390,5539
5028,5540
4985,5541
4832,5542
5051,5543
5037,5545
4769,5546
5042,5547
5018,5548
5052,5549
4881,5551
4822,5552
5019,5553
5046,5556
3972,5557
4808,5558
4805,5559
4963,5560
5062,5561
5061,5562
5063,5563
5034,5564
5067,5565
5021,5566
5022,5567
4943,5568
5069,5569
5055,5570
4789,5572
5074,5573
4944,5574
5015,5575
5077,5576
5391,5577
4563,5578
5083,5579
5059,5581
4983,5583
2617,5584
5048,5586
5102,5587
4770,5588
3718,5590
4837,5591
4984,5592
4982,5593
5104,5594
2443,5597
2098,5615
2100,5621
3895,5623
4470,5626
3889,5627
920,5629
4951,5630
4952,5631
4272,5632
4859,5633
5049,5634
3026,5635
5099,5636
4928,5637
4929,5638
5078,5639
5098,5641
5101,5642
5433,5643
5031,5644
5182,5646
4825,5647
5476,5648
5138,5649
5137,5650
5141,5651
4978,5652
2544,5653
5146,5654
5149,5655
5150,5656
5174,5657
5009,5658
5356,5659
5154,5661
4916,5664
5179,5665
5014,5666
5113,5667
3886,5670
5187,5673
5193,5674
5244,5675
5094,5676
5040,5677
5191,5678
4689,5679
5190,5680
4838,5681
5178,5682
4216,5684
5064,5686
5005,5688
5118,5689
4679,5691
5200,5693
5213,5694
5211,5695
5198,5697
5220,5699
5219,5700
5103,5701
5257,5702
5394,5705
5096,5706
5226,5708
5279,5709
5279,5710
4779,5711
5227,5712
5225,5713
5239,5714
5081,5715
4804,5716
5255,5717
5106,5718
5243,5719
5134,5720
5224,5721
5202,5722
5194,5723
5188,5724
5240,5725
5261,5726
5095,5727
5192,5729
5247,5730
5250,5731
5120,5732
4819,5733
5215,5735
5216,5736
5199,5737
5271,5738
5270,5739
5258,5740
5260,5741
4995,5742
5111,5744
5264,5745
5262,5746
5238,5748
5076,5750
5265,5751
5234,5752
5235,5753
5233,5754
5236,5755
5148,5756
5254,5757
5253,5758
5274,5759
2751,5760
5267,5761
5285,5764
4714,5765
5266,5766
5075,5767
5277,5768
3905,5770
5195,5772
5122,5773
5010,5774
3869,5775
3641,5776
5180,5777
4853,5778
5301,5779
5299,5780
5300,5781
3250,5783
5060,5785
3304,5786
3305,5787
5306,5790
5311,5792
4827,5793
5309,5794
5310,5796
5312,5797
5218,5798
5053,5800
5280,5802
4499,5803
4318,5806
4873,5807
3628,5808
2573,5809
2576,5810
4860,5811
5317,5814
5314,5815
4920,5816
2463,5818
5007,5819
5006,5820
5181,5821
4533,5822
5004,5823
4479,5824
4602,5825
5107,5826
5185,5827
5108,5828
5186,5829
4566,5830
4758,5831
4568,5832
3967,5834
3621,5835
4942,5836
4529,5837
5228,5838
5263,5839
5334,5840
5294,5841
5323,5842
5324,5843
5304,5844
5346,5845
5183,5846
4378,5847
4855,5848
3716,5849
3221,5850
3656,5851
4482,5852
4912,5853
4796,5854
3490,5855
2356,5856
378,5857
3885,5858
4131,5859
3235,5860
5339,5861
5330,5863
5117,5864
5281,5865
784,5866
3534,5867
5336,5868
4768,5869
4048,5870
5342,5871
4914,5872
4861,5873
5328,5874
5327,5875
5326,5877
4640,5879
4641,5880
4642,5881
3432,5882
5343,5883
4988,5884
5337,5885
5231,5887
5140,5888
4671,5890
3525,5891
2830,5892
4761,5893
5351,5894
5349,5895
2891,5896
5352,5897
5457,5898
2706,5899
5354,5900
5189,5903
5355,5904
782,5905
5295,5906
2972,5907
2970,5908
710,5912
5440,5913
5358,5914
5359,5915
5360,5916
5212,5917
753,5918
899,5919
5056,5920
5114,5923
5361,5924
4694,5925
5058,5927
5047,5928
2602,5929
5350,5930
5331,5932
3488,5933
4607,5935
4108,5936
5367,5937
2811,5939
5305,5941
5368,5942
5370,5943
5371,5944
5373,5945
5372,5946
5375,5949
5376,5950
5308,5952
5378,5954
5377,5955
3822,5958
4989,5959
4990,5960
5206,5961
5347,5963
712,5964
4922,5966
2054,5967
810,5969
5383,5970
5159,5971
5384,5972
5387,5973
3274,5974
3710,5977
5045,5979
5385,5981
5388,5982
5035,5983
3398,5984
5393,5985
5396,5986
5395,5987
5398,5988
5397,5989
2089,5990
5400,5991
5408,5992
5097,5993
5456,5995
5403,5996
5316,5997
4572,5998
5415,6001
5416,6002
4465,6005
5407,6006
2672,6007
3742,6008
4352,6009
5070,6010
5405,6012
995,6013
5414,6014
5410,6015
5365,6016
5345,6017
5123,6018
5382,6021
5241,6022
5425,6026
5426,6027
5303,6028
5417,6029
5420,6030
5129,6031
4907,6032
5422,6033
5424,6035
4782,6036
5210,6037
5427,6038
2677,6039
5338,6042
5432,6045
3233,6046
4163,6047
5435,6048
5092,6050
5441,6052
4966,6053
5392,6054
5450,6056
5445,6057
3474,6058
5437,6059
5444,6060
4941,6061
5201,6063
2760,6064
4668,6066
2479,6067
3976,6069
5133,6071
5565,6216
5569,6213
5566,6209
5552,6201
5559,6198
5557,6197
5555,6196
5554,6195
5551,6190
5543,6185
5546,6175
5545,6174
5550,6076
5353,6188
5322,5799
5205,5696
5166,5948
5073,6214
5044,6211
5043,6212
4857,6199
4564,6203
4545,6189
4501,6200
4409,6130
2670,6205
946,6204
573,6172
5598,6247
5593,6075
5592,6237
5589,6236
5586,6234
5584,6235
5583,6239
5582,6223
5581,6222
5575,6240
5574,6225
5573,6221
5572,6220
5571,6228
5500,6218
5474,6093
5439,6230
5273,6241
5197,6243
5161,5789
4603,6232
4303,6249
3402,6210
3370,6206
3345,6233
3049,6250
2917,6251
2854,6192
5669,6335
5666,6328
5665,6353
5664,6315
5663,6314
5660,6318
5653,6317
5646,6312
5645,6308
5642,6305
5640,6302
5639,6300
5635,6301
5631,6282
5628,6279
5619,6270
5618,6269
5612,6324
5611,6256
5610,6255
5599,6307
5596,6252
5579,6323
5577,6231
5558,6194
5386,6163
5714,6580
5713,6577
5710,6629
5709,6513
5708,6186
5700,6464
5696,6465
5687,6395
5684,6351
5683,6352
5680,6346
5679,6345
5678,6364
5677,6326
5675,6343
5673,6341
5632,6506
5622,6277
5621,6540
5560,6284
5553,6271
5549,6508
5544,5210
5542,6531
5504,6441
5501,5209
5483,6339
5431,6482
5423,6426
5421,6447
5413,6020
5366,6327
5364,6443
5357,6453
5335,6034
5332,6551
5321,6457
5315,6263
5293,6384
5292,6383
5278,5801
5245,6600
5229,6528
5217,5747
5209,6616
5204,6217
5196,6562
5173,6202
5167,6268
5165,6121
5164,6431
5162,5788
5157,6592
5152,6290
5151,6477
5147,6336
5132,6311
5131,6245
5130,6415
5128,6074
5119,5640
5115,6280
5110,6287
5084,6467
5054,6545
5041,6288
5038,5931
5003,6297
4968,6368
4960,6361
4933,6497
4911,6509
4896,6329
4895,6413
4785,6492
4763,6422
4718,6393
4650,6557
5745,6707
5744,6487
5740,6706
5739,6691
5737,6690
5735,6683
5733,6661
5731,6261
5727,6581
5725,6399
5724,6692
5717,6597
5716,6594
5715,6595
5701,6530
5695,6682
5626,6278
5624,6705
5537,6169
4591,6666
4590,6665
4548,6377
4547,6440
4544,6417
4543,6430
4542,6703
4535,6588
4534,6350
4476,6643
4452,6663
4413,6696
4411,6495
4398,6292
4331,6630
4273,6262
4213,6510
4210,6391
4193,6657
4183,6491
4176,6303
4159,6596
4148,6710
4140,6653
4136,6452
5770,6783
5769,6224
5765,6739
5764,6738
5762,6742
5761,6741
5760,6740
5759,6730
5758,6731
5757,6729
5755,6725
5753,6723
5752,6726
5750,6720
5749,6715
5748,6709
5747,6712
5746,6714
5741,6701
5652,6722
5638,6764
5625,6275
5567,6642
5564,6693
5473,6686
5449,6658
5291,6688
5142,6728
5000,6752
4961,6654
4712,6775
4707,6716
4626,6734
4515,6753
4157,6770
4155,6733
4113,6747
5794,6844
5793,6843
5791,6842
5789,6839
5787,6837
5786,6836
5783,6832
5782,6831
5780,6834
5779,6219
5778,6799
5776,6791
5775,6788
5774,6787
5772,6786
5742,6702
5732,6662
5561,6848
5538,6840
5272,6816
4585,6819
4582,6814
4571,6795
4414,6818
4400,6796
4369,6801
